{"cameraMode":{"drawMode":0,"name":"Shaded","section":"Shading Mode"},"sceneLighting":false,"audioPlay":false,"sceneViewState":{"m_AlwaysRefresh":false,"showFog":true,"showSkybox":false,"showFlares":true,"showImageEffects":true,"showParticleSystems":true,"showVisualEffectGraphs":true,"m_FxEnabled":false},"in2DMode":false,"pivot":{"x":-13.000006675720215,"y":24.735645294189454,"z":-24.997089385986329},"rotation":{"x":0.05126868188381195,"y":0.6538885235786438,"z":-0.04430695250630379,"w":0.7536476254463196},"size":26.740501403808595,"orthographic":true}