{"cameraMode":{"drawMode":0,"name":"Shaded","section":"Shading Mode"},"sceneLighting":false,"audioPlay":false,"sceneViewState":{"m_AlwaysRefresh":false,"showFog":true,"showSkybox":false,"showFlares":true,"showImageEffects":true,"showParticleSystems":true,"showVisualEffectGraphs":true,"m_FxEnabled":false},"in2DMode":false,"pivot":{"x":0.19879618287086488,"y":1.2187137603759766,"z":0.48194169998168948},"rotation":{"x":0.15391558408737184,"y":-0.05925047770142555,"z":0.009247612208127976,"w":0.9862704277038574},"size":0.8488693237304688,"orthographic":false}