{"cameraMode":{"drawMode":0,"name":"Shaded","section":"Shading Mode"},"sceneLighting":false,"audioPlay":false,"sceneViewState":{"m_AlwaysRefresh":false,"showFog":false,"showSkybox":false,"showFlares":false,"showImageEffects":false,"showParticleSystems":false,"showVisualEffectGraphs":true,"m_FxEnabled":false},"in2DMode":false,"pivot":{"x":-0.00016796588897705078,"y":0.7566944360733032,"z":0.020447850227355958},"rotation":{"x":-0.028187435120344163,"y":0.0014933778438717127,"z":0.000050248181651113555,"w":0.9996165633201599},"size":1.1315704584121705,"orthographic":false}