{"cameraMode":{"drawMode":0,"name":"Shaded","section":"Shading Mode"},"sceneLighting":true,"audioPlay":false,"sceneViewState":{"m_AlwaysRefresh":false,"showFog":true,"showSkybox":true,"showFlares":true,"showImageEffects":true,"showParticleSystems":true,"showVisualEffectGraphs":true,"m_FxEnabled":false},"in2DMode":false,"pivot":{"x":-0.00016796588897705078,"y":0.7566945552825928,"z":0.020447850227355958},"rotation":{"x":-0.22165432572364808,"y":-0.12191364169120789,"z":0.027942785993218423,"w":-0.9670727252960205},"size":1.1315704584121705,"orthographic":false}