{"cameraMode":{"drawMode":0,"name":"Shaded","section":"Shading Mode"},"sceneLighting":true,"audioPlay":false,"sceneViewState":{"m_AlwaysRefresh":false,"showFog":true,"showSkybox":true,"showFlares":true,"showImageEffects":true,"showParticleSystems":true,"showVisualEffectGraphs":true,"m_FxEnabled":false},"in2DMode":false,"pivot":{"x":-0.0397702157497406,"y":1.2179851531982422,"z":0.19518601894378663},"rotation":{"x":-0.12381984293460846,"y":-0.18319723010063172,"z":0.023226715624332429,"w":-0.9750304222106934},"size":0.599997878074646,"orthographic":false}