{"cameraMode":{"drawMode":0,"name":"Shaded","section":"Shading Mode"},"sceneLighting":true,"audioPlay":false,"sceneViewState":{"m_AlwaysRefresh":false,"showFog":true,"showSkybox":true,"showFlares":true,"showImageEffects":true,"showParticleSystems":true,"showVisualEffectGraphs":true,"m_FxEnabled":false},"in2DMode":false,"pivot":{"x":1.3706591129302979,"y":0.5543787479400635,"z":-1.5176705121994019},"rotation":{"x":-0.21359452605247498,"y":-0.5984900593757629,"z":0.16971012949943543,"w":-0.7532528638839722},"size":1.2913098335266114,"orthographic":false}