{"cameraMode":{"drawMode":0,"name":"Shaded","section":"Shading Mode"},"sceneLighting":true,"audioPlay":false,"sceneViewState":{"m_AlwaysRefresh":false,"showFog":true,"showSkybox":true,"showFlares":true,"showImageEffects":true,"showParticleSystems":true,"showVisualEffectGraphs":true,"m_FxEnabled":false},"in2DMode":false,"pivot":{"x":-0.0525922030210495,"y":1.3447476625442505,"z":0.623029887676239},"rotation":{"x":0.016749508678913118,"y":-0.08389324694871903,"z":0.001411113073118031,"w":0.9963393211364746},"size":0.6555379033088684,"orthographic":false}