{"cameraMode":{"drawMode":0,"name":"Shaded","section":"Shading Mode"},"sceneLighting":true,"audioPlay":false,"sceneViewState":{"m_AlwaysRefresh":false,"showFog":true,"showSkybox":true,"showFlares":true,"showImageEffects":true,"showParticleSystems":true,"showVisualEffectGraphs":true,"m_FxEnabled":false},"in2DMode":false,"pivot":{"x":1007.3120727539063,"y":394.14105224609377,"z":-4.6693115234375},"rotation":{"x":0.1134481132030487,"y":0.0020819881465286018,"z":0.0002370133443037048,"w":-0.9935635924339294},"size":477.9437561035156,"orthographic":false}