{"cameraMode":{"drawMode":0,"name":"Shaded","section":"Shading Mode"},"sceneLighting":true,"audioPlay":false,"sceneViewState":{"m_AlwaysRefresh":false,"showFog":true,"showSkybox":true,"showFlares":true,"showImageEffects":true,"showParticleSystems":true,"showVisualEffectGraphs":true,"m_FxEnabled":false},"in2DMode":false,"pivot":{"x":1770.8779296875,"y":1030.8077392578125,"z":0.784332275390625},"rotation":{"x":-0.04076150059700012,"y":0.04254833608865738,"z":-0.0017385405953973532,"w":-0.9982657432556152},"size":165.05007934570313,"orthographic":false}