{"cameraMode":{"drawMode":0,"name":"Shaded","section":"Shading Mode"},"sceneLighting":true,"audioPlay":false,"sceneViewState":{"m_AlwaysRefresh":false,"showFog":true,"showSkybox":true,"showFlares":true,"showImageEffects":true,"showParticleSystems":true,"showVisualEffectGraphs":true,"m_FxEnabled":false},"in2DMode":false,"pivot":{"x":1237.1695556640625,"y":499.4190979003906,"z":4.365631103515625},"rotation":{"x":-0.038675855845212939,"y":-0.017992045730352403,"z":-0.0006866133771836758,"w":0.9991098642349243},"size":704.74169921875,"orthographic":false}