{"cameraMode":{"drawMode":0,"name":"Shaded","section":"Shading Mode"},"sceneLighting":true,"audioPlay":false,"sceneViewState":{"m_AlwaysRefresh":false,"showFog":true,"showSkybox":true,"showFlares":true,"showImageEffects":true,"showParticleSystems":true,"showVisualEffectGraphs":true,"m_FxEnabled":false},"in2DMode":false,"pivot":{"x":0.1635606288909912,"y":1.5776612758636475,"z":0.24194616079330445},"rotation":{"x":-0.2163354754447937,"y":0.2781027853488922,"z":0.06444106251001358,"w":0.9336575269699097},"size":0.9965794682502747,"orthographic":false}