{"cameraMode":{"drawMode":0,"name":"Shaded","section":"Shading Mode"},"sceneLighting":true,"audioPlay":false,"sceneViewState":{"m_AlwaysRefresh":false,"showFog":true,"showSkybox":true,"showFlares":true,"showImageEffects":true,"showParticleSystems":true,"showVisualEffectGraphs":true,"m_FxEnabled":false},"in2DMode":false,"pivot":{"x":0.23233413696289063,"y":220.38265991210938,"z":-67.27828979492188},"rotation":{"x":-0.17777080833911897,"y":0.4932817816734314,"z":-0.10376939177513123,"w":-0.8452487587928772},"size":87.29545593261719,"orthographic":true}