{"cameraMode":{"drawMode":0,"name":"Shaded","section":"Shading Mode"},"sceneLighting":true,"audioPlay":false,"sceneViewState":{"m_AlwaysRefresh":false,"showFog":true,"showSkybox":true,"showFlares":true,"showImageEffects":true,"showParticleSystems":true,"showVisualEffectGraphs":true,"m_FxEnabled":false},"in2DMode":false,"pivot":{"x":1076.243408203125,"y":497.813720703125,"z":-7.8434906005859379},"rotation":{"x":-0.008690720424056054,"y":0.005993859376758337,"z":0.00006347944145090878,"w":0.9999587535858154},"size":194.9763946533203,"orthographic":false}