{"cameraMode":{"drawMode":0,"name":"Shaded","section":"Shading Mode"},"sceneLighting":true,"audioPlay":false,"sceneViewState":{"m_AlwaysRefresh":false,"showFog":true,"showSkybox":true,"showFlares":true,"showImageEffects":true,"showParticleSystems":true,"showVisualEffectGraphs":true,"m_FxEnabled":false},"in2DMode":false,"pivot":{"x":954.8407592773438,"y":532.1029663085938,"z":-0.02740478515625},"rotation":{"x":-0.0011903517879545689,"y":0.020993223413825036,"z":0.00003402020956855267,"w":0.9998019337654114},"size":291.04180908203127,"orthographic":false}