{"cameraMode":{"drawMode":0,"name":"Shaded","section":"Shading Mode"},"sceneLighting":true,"audioPlay":false,"sceneViewState":{"m_AlwaysRefresh":false,"showFog":true,"showSkybox":true,"showFlares":true,"showImageEffects":true,"showParticleSystems":true,"showVisualEffectGraphs":true,"m_FxEnabled":false},"in2DMode":false,"pivot":{"x":1089.8746337890625,"y":563.89404296875,"z":-54.820831298828128},"rotation":{"x":-0.05365658923983574,"y":-0.01947769708931446,"z":-0.0010372913675382734,"w":0.9983989000320435},"size":261.2541809082031,"orthographic":false}