{"cameraMode":{"drawMode":0,"name":"Shaded","section":"Shading Mode"},"sceneLighting":true,"audioPlay":false,"sceneViewState":{"m_AlwaysRefresh":false,"showFog":true,"showSkybox":true,"showFlares":true,"showImageEffects":true,"showParticleSystems":true,"showVisualEffectGraphs":true,"m_FxEnabled":false},"in2DMode":false,"pivot":{"x":994.1102905273438,"y":65.66664123535156,"z":-4.170074462890625},"rotation":{"x":-0.03316138684749603,"y":-0.0922233983874321,"z":0.0030755484476685526,"w":-0.9951993823051453},"size":145.47271728515626,"orthographic":false}