{"cameraMode":{"drawMode":0,"name":"Shaded","section":"Shading Mode"},"sceneLighting":true,"audioPlay":false,"sceneViewState":{"m_AlwaysRefresh":false,"showFog":true,"showSkybox":true,"showFlares":true,"showImageEffects":true,"showParticleSystems":true,"showVisualEffectGraphs":true,"m_FxEnabled":false},"in2DMode":false,"pivot":{"x":1368.358642578125,"y":529.9843139648438,"z":2.036865234375},"rotation":{"x":0.008690605871379376,"y":0.006595269776880741,"z":0.00005899630923522636,"w":-0.9999589323997498},"size":1173.200439453125,"orthographic":false}