{"cameraMode":{"drawMode":0,"name":"Shaded","section":"Shading Mode"},"sceneLighting":true,"audioPlay":false,"sceneViewState":{"m_AlwaysRefresh":false,"showFog":true,"showSkybox":true,"showFlares":true,"showImageEffects":true,"showParticleSystems":true,"showVisualEffectGraphs":true,"m_FxEnabled":false},"in2DMode":false,"pivot":{"x":0.17298023402690888,"y":0.9401927590370178,"z":0.21039056777954102},"rotation":{"x":0.04056751728057861,"y":0.10620798915624619,"z":-0.004336453974246979,"w":0.9935169219970703},"size":0.6497122049331665,"orthographic":false}