{"cameraMode":{"drawMode":0,"name":"Shaded","section":"Shading Mode"},"sceneLighting":true,"audioPlay":false,"sceneViewState":{"m_AlwaysRefresh":false,"showFog":true,"showSkybox":true,"showFlares":true,"showImageEffects":true,"showParticleSystems":true,"showVisualEffectGraphs":true,"m_FxEnabled":false},"in2DMode":false,"pivot":{"x":10.436464309692383,"y":3.2750906944274904,"z":5.4174113273620609},"rotation":{"x":-0.02061748132109642,"y":0.9144355058670044,"z":-0.04696055129170418,"w":-0.4014703333377838},"size":0.4895341396331787,"orthographic":false}