{"cameraMode":{"drawMode":0,"name":"Shaded","section":"Shading Mode"},"sceneLighting":true,"audioPlay":false,"sceneViewState":{"m_AlwaysRefresh":false,"showFog":true,"showSkybox":true,"showFlares":true,"showImageEffects":true,"showParticleSystems":true,"showVisualEffectGraphs":true,"m_FxEnabled":false},"in2DMode":false,"pivot":{"x":15.146634101867676,"y":0.8288564682006836,"z":16.778690338134767},"rotation":{"x":-0.021585354581475259,"y":0.7344142198562622,"z":-0.023359844461083413,"w":-0.6780566573143005},"size":2.0075440406799318,"orthographic":true}