{"cameraMode":{"drawMode":0,"name":"Shaded","section":"Shading Mode"},"sceneLighting":true,"audioPlay":false,"sceneViewState":{"m_AlwaysRefresh":false,"showFog":true,"showSkybox":true,"showFlares":true,"showImageEffects":true,"showParticleSystems":true,"showVisualEffectGraphs":true,"m_FxEnabled":false},"in2DMode":false,"pivot":{"x":16.16269874572754,"y":1.0459027290344239,"z":13.523368835449219},"rotation":{"x":0.1930965930223465,"y":0.09842070192098618,"z":-0.019475728273391725,"w":0.9760714769363403},"size":1.2213354110717774,"orthographic":false}