{"cameraMode":{"drawMode":0,"name":"Shaded","section":"Shading Mode"},"sceneLighting":false,"audioPlay":false,"sceneViewState":{"m_AlwaysRefresh":false,"showFog":true,"showSkybox":false,"showFlares":true,"showImageEffects":true,"showParticleSystems":true,"showVisualEffectGraphs":true,"m_FxEnabled":false},"in2DMode":false,"pivot":{"x":-121.14498138427735,"y":83.47383117675781,"z":-19.89019775390625},"rotation":{"x":-0.0002675298892427236,"y":0.9779943227767944,"z":-0.2087685465812683,"w":-0.0011731372214853764},"size":309.735107421875,"orthographic":false}