{"cameraMode":{"drawMode":0,"name":"Shaded","section":"Shading Mode"},"sceneLighting":false,"audioPlay":false,"sceneViewState":{"m_AlwaysRefresh":false,"showFog":true,"showSkybox":false,"showFlares":true,"showImageEffects":true,"showParticleSystems":true,"showVisualEffectGraphs":true,"m_FxEnabled":false},"in2DMode":false,"pivot":{"x":-0.16802430152893067,"y":1.3208649158477784,"z":0.0881437361240387},"rotation":{"x":0.06906429678201676,"y":-0.6925625205039978,"z":0.06691084802150727,"w":0.7149338722229004},"size":1.0567935705184937,"orthographic":false}