{"cameraMode":{"drawMode":0,"name":"Shaded","section":"Shading Mode"},"sceneLighting":false,"audioPlay":false,"sceneViewState":{"m_AlwaysRefresh":false,"showFog":true,"showSkybox":false,"showFlares":true,"showImageEffects":true,"showParticleSystems":true,"showVisualEffectGraphs":true,"m_FxEnabled":false},"in2DMode":false,"pivot":{"x":0.1066739559173584,"y":-0.4061325788497925,"z":-0.10781574249267578},"rotation":{"x":-0.18592436611652375,"y":0.46736446022987368,"z":-0.10123801976442337,"w":-0.8583706021308899},"size":1.4142646789550782,"orthographic":false}