{"cameraMode":{"drawMode":0,"name":"Shaded","section":"Shading Mode"},"sceneLighting":false,"audioPlay":false,"sceneViewState":{"m_AlwaysRefresh":false,"showFog":true,"showSkybox":false,"showFlares":true,"showImageEffects":true,"showParticleSystems":true,"showVisualEffectGraphs":true,"m_FxEnabled":false},"in2DMode":false,"pivot":{"x":0.22124263644218446,"y":0.44060662388801577,"z":-8.652496337890625},"rotation":{"x":-0.00018178709433414042,"y":-0.99978107213974,"z":0.01980738155543804,"w":-0.008707967586815358},"size":5.247705459594727,"orthographic":false}