{"cameraMode":{"drawMode":0,"name":"Shaded","section":"Shading Mode"},"sceneLighting":false,"audioPlay":false,"sceneViewState":{"m_AlwaysRefresh":false,"showFog":true,"showSkybox":false,"showFlares":true,"showImageEffects":true,"showParticleSystems":true,"showVisualEffectGraphs":true,"m_FxEnabled":false},"in2DMode":false,"pivot":{"x":0.6583766341209412,"y":0.8962380290031433,"z":0.05412888526916504},"rotation":{"x":-0.028187435120344163,"y":0.0014933778438717127,"z":0.000050248181651113555,"w":0.9996165633201599},"size":1.3517175912857056,"orthographic":false}