{"cameraMode":{"drawMode":0,"name":"Shaded","section":"Shading Mode"},"sceneLighting":false,"audioPlay":false,"sceneViewState":{"m_AlwaysRefresh":false,"showFog":false,"showSkybox":false,"showFlares":false,"showImageEffects":false,"showParticleSystems":false,"showVisualEffectGraphs":true,"m_FxEnabled":false},"in2DMode":false,"pivot":{"x":0.00042378902435302734,"y":0.7712410688400269,"z":-0.0009064376354217529},"rotation":{"x":-0.13786020874977113,"y":-0.8556952476501465,"z":0.29203909635543826,"w":-0.40454503893852236},"size":1.0928950309753419,"orthographic":true}