{"cameraMode":{"drawMode":0,"name":"Shaded","section":"Shading Mode"},"sceneLighting":false,"audioPlay":false,"sceneViewState":{"m_AlwaysRefresh":false,"showFog":true,"showSkybox":false,"showFlares":true,"showImageEffects":true,"showParticleSystems":true,"showVisualEffectGraphs":true,"m_FxEnabled":false},"in2DMode":false,"pivot":{"x":2.098897933959961,"y":17.142881393432618,"z":0.12845897674560548},"rotation":{"x":0.1396077275276184,"y":0.8295496702194214,"z":0.23871207237243653,"w":-0.48515555262565615},"size":6.732723236083984,"orthographic":false}