{"cameraMode":{"drawMode":0,"name":"Shaded","section":"Shading Mode"},"sceneLighting":false,"audioPlay":false,"sceneViewState":{"m_AlwaysRefresh":false,"showFog":true,"showSkybox":false,"showFlares":true,"showImageEffects":true,"showParticleSystems":true,"showVisualEffectGraphs":true,"m_FxEnabled":false},"in2DMode":false,"pivot":{"x":-6.815397262573242,"y":0.5023987293243408,"z":19.121261596679689},"rotation":{"x":0.014215256087481976,"y":0.3793708384037018,"z":-0.0056831189431250099,"w":0.9251965284347534},"size":1.8046135902404786,"orthographic":true}