{"cameraMode":{"drawMode":0,"name":"Shaded","section":"Shading Mode"},"sceneLighting":false,"audioPlay":false,"sceneViewState":{"m_AlwaysRefresh":false,"showFog":true,"showSkybox":false,"showFlares":true,"showImageEffects":true,"showParticleSystems":true,"showVisualEffectGraphs":true,"m_FxEnabled":false},"in2DMode":false,"pivot":{"x":-0.023014366626739503,"y":-0.04013848304748535,"z":-0.05002981424331665},"rotation":{"x":0.11284518986940384,"y":0.8865622878074646,"z":-0.2995245158672333,"w":0.3340093791484833},"size":0.7594243884086609,"orthographic":false}