{"cameraMode":{"drawMode":0,"name":"Shaded","section":"Shading Mode"},"sceneLighting":false,"audioPlay":false,"sceneViewState":{"m_AlwaysRefresh":false,"showFog":true,"showSkybox":false,"showFlares":true,"showImageEffects":true,"showParticleSystems":true,"showVisualEffectGraphs":true,"m_FxEnabled":false},"in2DMode":false,"pivot":{"x":-12.347384452819825,"y":43.068599700927737,"z":-24.344371795654298},"rotation":{"x":-0.05035267770290375,"y":-0.5011554956436157,"z":-0.029113473370671274,"w":0.8634851574897766},"size":23.113357543945314,"orthographic":true}